Subj,InputFile,13.0_-41.0_39.0,-30.0_5.0_-13.0,0.0_-56.0_-1.0,-5.0_-32.0_-16.0,-35.0_-2.0_44.0,31.0_-27.0_12.0,32.0_6.0_-20.0,-3.0_-6.0_1.0,-8.0_-6.0_39.0,-39.0_21.0_25.0
CID0010,CID.0010.rsFC.cg25_bilateral_proc_05272014.Scan1.nii.gz,0.036072,-0.029730,0.044323,0.075115,-0.002484,0.010152,0.273091,-0.038000,-0.008073,0.105597
CID0013,CID.0013.rsFC.cg25_bilateral_proc_05272014.Scan1.nii.gz,-0.118683,-0.047163,-0.154456,0.155948,-0.165015,0.059425,0.061848,-0.063299,-0.127691,0.050153
CID0023,CID.0023.rsFC.cg25_bilateral_proc_05272014.Scan1.nii.gz,0.087562,-0.040481,-0.085008,0.152404,-0.198174,-0.062934,0.281212,-0.062389,0.064501,-0.099446
CID0026,CID.0026.rsFC.cg25_bilateral_proc_05272014.Scan1.nii.gz,0.468960,0.020736,0.000000,0.000000,0.077393,0.110829,0.000000,-0.073928,-0.231322,-0.063747
CID0028,CID.0028.rsFC.cg25_bilateral_proc_05272014.Scan1.nii.gz,0.434927,0.142471,0.127440,-0.227273,0.075952,0.068452,0.229880,-0.009619,-0.066594,0.545077
CID0030,CID.0030.rsFC.cg25_bilateral_proc_05272014.Scan1.nii.gz,0.296016,0.157298,0.000000,0.000000,-0.317590,-0.047221,0.039282,-0.015735,0.030329,-0.315779
CID0032,CID.0032.rsFC.cg25_bilateral_proc_05272014.Scan1.nii.gz,0.056706,0.136244,-0.048748,0.095622,-0.068783,-0.007876,-0.012271,0.079430,0.021734,-0.039967
CID0033,CID.0033.rsFC.cg25_bilateral_proc_05272014.Scan1.nii.gz,0.535692,0.005104,0.048779,0.000000,-0.424652,-0.004861,0.020824,0.112866,-0.204741,-0.260549
CID0034,CID.0034.rsFC.cg25_bilateral_proc_05272014.Scan1.nii.gz,0.034958,0.275572,0.136670,-0.058966,-0.081443,-0.030163,0.180821,0.159563,-0.240492,-0.058750
CID0035,CID.0035.rsFC.cg25_bilateral_proc_05272014.Scan1.nii.gz,0.183423,0.308968,-0.194347,0.000000,0.061317,0.100304,0.140667,0.009607,-0.086446,-0.079990
CID0039,CID.0039.rsFC.cg25_bilateral_proc_05272014.Scan1.nii.gz,0.469099,-0.092810,0.129570,-0.119845,-0.146715,-0.119462,0.018060,0.343610,0.051040,-0.217016
CID0041,CID.0041.rsFC.cg25_bilateral_proc_05272014.Scan1.nii.gz,-0.045360,-0.146274,-0.190333,0.179381,-0.170721,-0.054095,-0.126536,-0.060596,-0.184860,-0.072439
CID0044,CID.0044.rsFC.cg25_bilateral_proc_05272014.Scan1.nii.gz,0.068923,-0.276579,0.039266,-0.002738,-0.265059,-0.239021,0.088196,0.103959,-0.184964,-0.153653
CID0046,CID.0046.rsFC.cg25_bilateral_proc_05272014.Scan1.nii.gz,-0.132585,0.051404,0.202819,-0.390082,-0.180077,-0.152851,0.124898,0.226726,-0.174506,-0.059944
CID0049,CID.0049.rsFC.cg25_bilateral_proc_05272014.Scan1.nii.gz,-0.217127,0.146991,0.049279,0.086813,-0.315637,-0.155168,-0.177605,-0.062746,-0.059366,-0.247190
CID0053,CID.0053.rsFC.cg25_bilateral_proc_05272014.Scan1.nii.gz,-0.143591,0.152071,0.060740,0.435893,-0.141787,0.005337,0.082111,-0.101143,-0.091020,0.005743
CID0059,CID.0059.rsFC.cg25_bilateral_proc_05272014.Scan1.nii.gz,0.040410,0.121242,-0.264002,-0.019454,-0.054667,0.011339,0.126547,-0.159057,0.175744,-0.068520
CID0060,CID.0060.rsFC.cg25_bilateral_proc_05272014.Scan1.nii.gz,0.279968,-0.017206,0.058058,0.040817,0.074501,0.462092,0.154866,0.130321,0.340061,0.080392
CID0061,CID.0061.rsFC.cg25_bilateral_proc_05272014.Scan1.nii.gz,-0.281564,-0.011945,-0.224157,-0.082865,0.207733,-0.075384,0.029843,0.229443,-0.212048,0.145594
CID0063,CID.0063.rsFC.cg25_bilateral_proc_05272014.Scan1.nii.gz,-0.117778,0.167646,-0.177367,0.150424,-0.063752,-0.244630,0.124876,-0.015709,0.039951,-0.092024
CID0064,CID.0064.rsFC.cg25_bilateral_proc_05272014.Scan1.nii.gz,-0.058478,0.163078,-0.112262,0.212887,-0.144476,0.141316,0.118288,-0.122512,-0.001207,-0.068599
CID0072,CID.0072.rsFC.cg25_bilateral_proc_05272014.Scan1.nii.gz,0.082986,-0.130264,-0.275823,0.003777,-0.098522,0.097320,-0.191268,-0.006842,0.207095,0.094463
CID0073,CID.0073.rsFC.cg25_bilateral_proc_05272014.Scan1.nii.gz,0.265259,-0.091748,0.059960,-0.034857,-0.419814,-0.026741,0.302374,-0.032483,0.000433,-0.067613
CID0075,CID.0075.rsFC.cg25_bilateral_proc_05272014.Scan1.nii.gz,0.183236,-0.102671,-0.704013,-0.242457,0.004668,0.149738,0.376665,0.542047,-0.024683,0.082082
CID0076,CID.0076.rsFC.cg25_bilateral_proc_05272014.Scan1.nii.gz,-0.056324,0.248365,-0.040148,-0.111208,-0.258482,0.087546,0.138712,-0.039075,-0.124720,0.083492
CID0079,CID.0079.rsFC.cg25_bilateral_proc_05272014.Scan1.nii.gz,0.009519,0.525532,-0.121594,0.162288,-0.331027,-0.130339,0.007770,-0.040941,-0.182060,-0.096426
CID0080,CID.0080.rsFC.cg25_bilateral_proc_05272014.Scan1.nii.gz,-0.058152,0.033982,0.108386,-0.169465,-0.050429,0.124806,0.293778,0.080894,-0.043405,-0.548674
CID0082,CID.0082.rsFC.cg25_bilateral_proc_05272014.Scan1.nii.gz,0.256857,-0.199470,0.306634,-0.227394,-0.198031,0.140088,0.155581,-0.177361,-0.290203,0.032804
CID0083,CID.0083.rsFC.cg25_bilateral_proc_05272014.Scan1.nii.gz,-0.216412,0.265291,0.133305,-0.119535,-0.374295,0.291648,0.369297,0.098033,-0.246235,-0.055014
CID0087,CID.0087.rsFC.cg25_bilateral_proc_05272014.Scan1.nii.gz,-0.070159,0.352159,0.212659,0.029638,-0.389000,-0.204327,0.200211,0.133147,-0.079803,-0.092380
CID0093,CID.0093.rsFC.cg25_bilateral_proc_05272014.Scan1.nii.gz,-0.188287,0.671201,-0.374745,0.631737,-0.244289,-0.350084,-0.152540,-0.522599,-0.192385,-0.220387
CID0096,CID.0096.rsFC.cg25_bilateral_proc_05272014.Scan1.nii.gz,0.370696,0.341805,0.186871,-0.180480,-0.116771,0.100578,0.159536,-0.258230,0.096956,0.021710
CID0099,CID.0099.rsFC.cg25_bilateral_proc_05272014.Scan1.nii.gz,0.359324,0.296299,-0.163645,0.157670,0.194607,0.063303,0.057960,-0.011216,-0.111011,0.131182
CID0101,CID.0101.rsFC.cg25_bilateral_proc_05272014.Scan1.nii.gz,-0.151335,0.106669,-0.033603,0.080986,-0.012495,0.065117,0.027157,-0.061507,-0.181201,0.124061
CID0103,CID.0103.rsFC.cg25_bilateral_proc_05272014.Scan1.nii.gz,-0.061704,0.117939,-0.101887,-0.177024,-0.118083,0.095446,-0.054635,0.204882,0.094708,-0.004520
CID0104,CID.0104.rsFC.cg25_bilateral_proc_05272014.Scan1.nii.gz,0.020934,-0.016172,0.248129,-0.021294,0.013132,-0.038860,0.131557,-0.198432,-0.091836,-0.017090
CID0107,CID.0107.rsFC.cg25_bilateral_proc_05272014.Scan1.nii.gz,0.084483,0.170688,0.240655,0.024411,-0.105255,0.112959,-0.282971,-0.081965,-0.164085,-0.131480
CID0109,CID.0109.rsFC.cg25_bilateral_proc_05272014.Scan1.nii.gz,0.055424,-0.107433,0.169644,0.138519,-0.130068,0.071151,0.091097,-0.177397,-0.029965,0.147891
CID0116,CID.0116.rsFC.cg25_bilateral_proc_05272014.Scan1.nii.gz,-0.199616,0.378318,-0.375638,0.086746,-0.052758,0.186042,0.245215,-0.078836,0.042880,0.140872
CID0117,CID.0117.rsFC.cg25_bilateral_proc_05272014.Scan1.nii.gz,0.021083,0.100015,0.020422,0.325342,0.257023,-0.044902,-0.026287,-0.292082,0.020086,0.136790
CID0118,CID.0118.rsFC.cg25_bilateral_proc_05272014.Scan1.nii.gz,0.028429,-0.097622,-0.082552,-0.140078,0.076014,0.103426,0.102181,0.140289,-0.141501,-0.111969
CID0123,CID.0123.rsFC.cg25_bilateral_proc_05272014.Scan1.nii.gz,0.250505,0.072096,0.628255,-0.543730,-0.066262,-0.019484,0.306435,0.175139,0.177970,-0.084047
CID0125,CID.0125.rsFC.cg25_bilateral_proc_05272014.Scan1.nii.gz,-0.008089,0.160325,0.165182,-0.024327,-0.150360,0.298810,0.111522,-0.052525,-0.149280,0.122891
CID0126,CID.0126.rsFC.cg25_bilateral_proc_05272014.Scan1.nii.gz,0.057300,0.129395,0.069799,-0.220507,-0.219978,0.204156,0.189597,-0.235783,-0.270414,-0.081914
CID0127,CID.0127.rsFC.cg25_bilateral_proc_05272014.Scan1.nii.gz,0.119994,0.017216,0.022071,0.122867,-0.161368,0.066777,-0.055323,-0.214259,-0.188178,-0.035197
CID0128,CID.0128.rsFC.cg25_bilateral_proc_05272014.Scan1.nii.gz,0.052043,-0.092493,-0.019846,-0.010382,-0.101199,0.210832,0.050612,0.051383,-0.083400,-0.070530
CID0129,CID.0129.rsFC.cg25_bilateral_proc_05272014.Scan1.nii.gz,-0.159125,-0.151694,-0.309756,0.039973,-0.147330,0.087173,-0.036096,-0.451261,0.274130,0.196937
CID0131,CID.0131.rsFC.cg25_bilateral_proc_05272014.Scan1.nii.gz,0.500060,-0.247160,0.242450,-0.167509,-0.151431,0.170443,0.270235,0.120580,0.024707,0.106690
CID0132,CID.0132.rsFC.cg25_bilateral_proc_05272014.Scan1.nii.gz,0.060173,0.073529,-0.188079,-0.239955,-0.111852,0.365305,0.244864,-0.348681,0.139599,0.052762
CID0139,CID.0139.rsFC.cg25_bilateral_proc_05272014.Scan1.nii.gz,0.006561,0.513573,0.059891,0.087899,-0.057501,0.248311,0.377731,-0.089802,0.114996,0.111833
CID0140,CID.0140.rsFC.cg25_bilateral_proc_05272014.Scan1.nii.gz,0.055061,-0.020667,-0.082816,-0.095251,-0.146946,-0.117524,0.151427,0.213873,-0.114319,0.012059
CID0141,CID.0141.rsFC.cg25_bilateral_proc_05272014.Scan1.nii.gz,0.033657,-0.212922,-0.330700,-0.244533,0.028454,0.421964,0.177961,0.158760,0.016779,-0.009281
CID0146,CID.0146.rsFC.cg25_bilateral_proc_05272014.Scan1.nii.gz,-0.014331,0.062196,-0.123646,0.060301,0.067886,-0.110801,-0.397189,-0.125314,-0.030621,0.210791
CID0147,CID.0147.rsFC.cg25_bilateral_proc_05272014.Scan1.nii.gz,-0.028896,0.358344,-0.103510,0.292485,-0.521344,-0.075888,-0.085197,-0.249524,-0.129781,-0.107297
CID0148,CID.0148.rsFC.cg25_bilateral_proc_05272014.Scan1.nii.gz,0.443450,0.180657,-0.146423,0.150791,-0.033310,-0.425757,0.038055,-0.153998,-0.189627,-0.181507
CID0149,CID.0149.rsFC.cg25_bilateral_proc_05272014.Scan1.nii.gz,0.348735,-0.229752,0.308833,-0.514105,-0.234730,0.025098,0.146434,0.537136,-0.034923,-0.126961
CID0152,CID.0152.rsFC.cg25_bilateral_proc_05272014.Scan1.nii.gz,0.110412,0.193457,-0.127363,0.210455,-0.206247,-0.153714,0.033902,-0.122803,-0.056562,-0.311130
CID0155,CID.0155.rsFC.cg25_bilateral_proc_05272014.Scan1.nii.gz,0.081033,0.105889,0.162426,-0.051787,-0.271454,0.021549,0.154361,-0.277317,-0.117120,-0.071107
CID0159,CID.0159.rsFC.cg25_bilateral_proc_05272014.Scan1.nii.gz,0.227615,0.209946,0.118490,-0.082263,0.133348,0.280523,0.173255,0.090497,0.097433,0.031120
CID0160,CID.0160.rsFC.cg25_bilateral_proc_05272014.Scan1.nii.gz,0.045731,0.182232,-0.073263,0.089863,-0.012233,-0.201448,0.246046,-0.206418,-0.112358,0.035502
CID0161,CID.0161.rsFC.cg25_bilateral_proc_05272014.Scan1.nii.gz,0.404678,0.424267,-0.268807,0.098681,0.050337,-0.105677,0.090776,-0.303288,-0.030106,0.033874
CID0162,CID.0162.rsFC.cg25_bilateral_proc_05272014.Scan1.nii.gz,0.108004,-0.140197,0.083605,0.239851,-0.171225,-0.070351,-0.152840,-0.075095,-0.030682,0.221015
CID0164,CID.0164.rsFC.cg25_bilateral_proc_05272014.Scan1.nii.gz,0.009689,0.536450,-0.245285,0.577823,0.014879,0.244318,0.525282,-0.462340,0.064914,0.027647
CID0166,CID.0166.rsFC.cg25_bilateral_proc_05272014.Scan1.nii.gz,0.137991,0.350489,0.247151,0.222905,-0.214741,-0.024809,0.365328,-0.337708,0.017880,-0.266030
CID0168,CID.0168.rsFC.cg25_bilateral_proc_05272014.Scan1.nii.gz,0.172637,0.067268,0.129728,-0.095505,-0.106982,-0.303672,-0.134660,-0.008112,-0.281778,-0.001843
CID0169,CID.0169.rsFC.cg25_bilateral_proc_05272014.Scan1.nii.gz,0.171531,0.020663,-0.150401,0.007566,-0.118019,-0.077931,-0.111373,0.036377,0.078613,-0.035085
CID0173,CID.0173.rsFC.cg25_bilateral_proc_05272014.Scan1.nii.gz,0.550909,-0.119914,0.371399,0.030971,-0.080523,0.295148,0.021908,0.038761,0.243564,-0.005154
CID0174,CID.0174.rsFC.cg25_bilateral_proc_05272014.Scan1.nii.gz,-0.114543,0.081303,0.023108,0.229929,0.008815,-0.035339,-0.081018,-0.210927,0.136055,0.083458
CID0176,CID.0176.rsFC.cg25_bilateral_proc_05272014.Scan1.nii.gz,0.224488,0.071967,-0.151223,0.215832,-0.443040,0.160805,0.120333,-0.215467,0.097229,0.129315
CID0177,CID.0177.rsFC.cg25_bilateral_proc_05272014.Scan1.nii.gz,0.138274,0.238166,0.107874,-0.000464,-0.148009,0.031558,-0.055717,-0.105991,-0.007499,-0.006500
CID0180,CID.0180.rsFC.cg25_bilateral_proc_05272014.Scan1.nii.gz,-0.212956,0.315797,-0.086776,0.357016,-0.186219,0.022794,-0.142009,-0.464625,-0.078599,-0.072334
CID0183,CID.0183.rsFC.cg25_bilateral_proc_05272014.Scan1.nii.gz,0.368829,0.102431,-0.391252,0.001293,0.147965,0.099028,0.099327,-0.566399,-0.211588,0.061878
CID0184,CID.0184.rsFC.cg25_bilateral_proc_05272014.Scan1.nii.gz,0.096933,-0.198896,0.380283,-0.023678,-0.250654,-0.190020,0.630627,0.299565,-0.073123,-0.196083
CID0185,CID.0185.rsFC.cg25_bilateral_proc_05272014.Scan1.nii.gz,0.033928,0.187854,-0.160843,0.269744,-0.082697,-0.009624,0.338533,-0.053348,-0.078001,0.193592
CID0187,CID.0187.rsFC.cg25_bilateral_proc_05272014.Scan1.nii.gz,0.122313,-0.206717,-0.012036,-0.189388,-0.262091,0.201708,-0.073020,0.336558,-0.074223,-0.025073
CID0191,CID.0191.rsFC.cg25_bilateral_proc_05272014.Scan1.nii.gz,-0.262624,0.289693,-0.164282,-0.199352,-0.324110,0.226923,0.071810,0.053620,0.246615,-0.090230
CID0192,CID.0192.rsFC.cg25_bilateral_proc_05272014.Scan1.nii.gz,0.095756,-0.074372,-0.250083,0.038933,-0.096054,-0.037256,0.035973,0.004841,0.133965,0.079495
CID0193,CID.0193.rsFC.cg25_bilateral_proc_05272014.Scan1.nii.gz,0.066913,0.174322,0.141738,0.051313,-0.081410,0.088987,-0.146864,-0.032589,0.280082,0.265299
CID0194,CID.0194.rsFC.cg25_bilateral_proc_05272014.Scan1.nii.gz,0.106145,0.067826,0.166519,-0.166948,-0.461838,-0.064095,-0.341173,0.181519,-0.346439,0.423119
CID0197,CID.0197.rsFC.cg25_bilateral_proc_05272014.Scan1.nii.gz,0.182902,0.123561,0.002049,-0.114712,0.111345,0.199309,-0.040650,0.011283,0.175532,-0.009776
CID0203,CID.0203.rsFC.cg25_bilateral_proc_05272014.Scan1.nii.gz,0.053662,0.455268,-0.264582,-0.093819,-0.262374,0.029341,0.381757,0.149553,-0.126568,-0.121090
CID0204,CID.0204.rsFC.cg25_bilateral_proc_05272014.Scan1.nii.gz,0.228258,0.167304,-0.108058,0.079050,0.145100,0.250011,-0.017403,0.000538,0.199652,-0.055452
CID0206,CID.0206.rsFC.cg25_bilateral_proc_05272014.Scan1.nii.gz,-0.183055,-0.267425,0.005664,-0.139547,0.117458,0.141922,0.471941,-0.047009,-0.199610,0.024514
CID0207,CID.0207.rsFC.cg25_bilateral_proc_05272014.Scan1.nii.gz,0.239140,-0.017391,0.032075,-0.371345,-0.053618,0.097995,-0.139620,0.374250,-0.018732,-0.022177
CID0209,CID.0209.rsFC.cg25_bilateral_proc_05272014.Scan1.nii.gz,0.241070,-0.195043,0.197856,-0.139637,0.212491,0.103904,0.339420,-0.082337,0.167431,0.207942
CID0210,CID.0210.rsFC.cg25_bilateral_proc_05272014.Scan1.nii.gz,-0.028888,-0.140576,0.082417,0.478833,0.113804,-0.078647,0.045250,0.201934,0.022899,0.023769
CID0213,CID.0213.rsFC.cg25_bilateral_proc_05272014.Scan1.nii.gz,0.204743,-0.040149,0.182545,0.125673,-0.140047,0.008117,-0.102698,-0.009264,0.162681,-0.170102
CID0217,CID.0217.rsFC.cg25_bilateral_proc_05272014.Scan1.nii.gz,-0.122503,-0.162716,-0.214577,-0.177343,0.126922,-0.035071,-0.444961,-0.134091,-0.200021,0.064008
CID0218,CID.0218.rsFC.cg25_bilateral_proc_05272014.Scan1.nii.gz,-0.072389,0.148125,-0.058328,-0.012433,0.039685,-0.029686,-0.016059,-0.066355,0.005586,-0.180960
CID0219,CID.0219.rsFC.cg25_bilateral_proc_05272014.Scan1.nii.gz,0.105716,-0.187968,0.401991,-0.502576,0.071159,0.147982,0.520935,0.473865,0.123632,0.177242
CID0220,CID.0220.rsFC.cg25_bilateral_proc_05272014.Scan1.nii.gz,-0.003305,0.104318,-0.239515,0.294849,-0.149331,0.222303,0.248403,-0.289356,-0.065880,0.320714
CID0221,CID.0221.rsFC.cg25_bilateral_proc_05272014.Scan1.nii.gz,0.179154,0.092569,-0.118684,-0.057060,-0.108127,0.303054,0.079666,0.162587,0.033394,-0.339471
CID0222,CID.0222.rsFC.cg25_bilateral_proc_05272014.Scan1.nii.gz,0.044112,0.134464,-0.009649,-0.041013,-0.065753,-0.036535,-0.035715,-0.116261,-0.065959,0.014464
CID0224,CID.0224.rsFC.cg25_bilateral_proc_05272014.Scan1.nii.gz,-0.091083,0.146197,0.010051,0.462836,0.125508,-0.088587,0.194729,-0.496810,-0.120027,-0.158415
CID0225,CID.0225.rsFC.cg25_bilateral_proc_05272014.Scan1.nii.gz,-0.043135,0.154890,-0.146990,0.128483,-0.030593,-0.091169,-0.142457,0.082452,0.109961,-0.005988
CID0227,CID.0227.rsFC.cg25_bilateral_proc_05272014.Scan1.nii.gz,-0.106553,-0.285999,0.162031,0.076655,0.097573,0.146968,0.221816,0.010796,0.180626,0.169291
CID0228,CID.0228.rsFC.cg25_bilateral_proc_05272014.Scan1.nii.gz,0.389042,0.365570,0.149632,-0.164729,-0.035463,-0.148797,-0.246255,-0.291410,0.147868,0.123291
CID0229,CID.0229.rsFC.cg25_bilateral_proc_05272014.Scan1.nii.gz,0.077133,0.019015,-0.350284,-0.440045,-0.165185,-0.352200,0.195806,0.228247,0.032004,0.181191
CID0231,CID.0231.rsFC.cg25_bilateral_proc_05272014.Scan1.nii.gz,0.234727,0.142300,0.018653,0.021856,-0.037197,0.155873,-0.007391,0.096658,0.479393,0.031289
CID0235,CID.0235.rsFC.cg25_bilateral_proc_05272014.Scan1.nii.gz,0.184490,-0.399936,0.136895,-0.328354,-0.001846,0.111609,0.354236,0.296694,0.226540,0.472203
CID0236,CID.0236.rsFC.cg25_bilateral_proc_05272014.Scan1.nii.gz,0.101865,0.142623,-0.175942,-0.136326,0.000731,0.327527,0.335198,-0.168728,-0.112516,-0.215029
CID0242,CID.0242.rsFC.cg25_bilateral_proc_05272014.Scan1.nii.gz,0.003111,0.111569,-0.051655,-0.115650,-0.082004,0.150601,-0.291457,-0.169862,-0.131450,-0.291811
CID0244,CID.0244.rsFC.cg25_bilateral_proc_05272014.Scan1.nii.gz,0.304001,-0.075901,-0.085150,0.126498,-0.103854,-0.015687,0.015633,-0.019921,-0.015028,0.119033
CID0245,CID.0245.rsFC.cg25_bilateral_proc_05272014.Scan1.nii.gz,0.249656,0.251140,-0.216561,0.053980,-0.030183,-0.075884,-0.246404,0.164699,-0.007072,0.082427
CID0247,CID.0247.rsFC.cg25_bilateral_proc_05272014.Scan1.nii.gz,0.023943,0.120375,-0.250304,-0.040060,-0.171600,0.095722,0.469342,-0.457404,-0.224885,-0.347789
CID0250,CID.0250.rsFC.cg25_bilateral_proc_05272014.Scan1.nii.gz,0.330898,0.099317,-0.235144,0.298123,0.161779,-0.134124,-0.062559,0.232367,0.124284,0.104966
CID0252,CID.0252.rsFC.cg25_bilateral_proc_05272014.Scan1.nii.gz,-0.099723,0.258276,-0.393132,-0.376900,-0.371587,0.039067,-0.467766,-0.010153,-0.155402,-0.021825
CID0254,CID.0254.rsFC.cg25_bilateral_proc_05272014.Scan1.nii.gz,0.013911,-0.223934,-0.023852,0.104879,0.034471,0.077413,-0.008535,-0.022883,-0.215355,-0.039352
CID0256,CID.0256.rsFC.cg25_bilateral_proc_05272014.Scan1.nii.gz,0.116852,0.288712,-0.096201,0.108392,-0.147422,-0.028477,0.237777,-0.037654,0.105563,-0.201273
CID0259,CID.0259.rsFC.cg25_bilateral_proc_05272014.Scan1.nii.gz,0.451521,0.133965,-0.054903,-0.013230,-0.021177,0.149714,0.090514,-0.183482,0.169064,-0.103822
CID0265,CID.0265.rsFC.cg25_bilateral_proc_05272014.Scan1.nii.gz,-0.112279,-0.265020,-0.064333,0.088258,-0.211241,0.006327,0.263690,-0.149054,0.092448,-0.133001
CID0267,CID.0267.rsFC.cg25_bilateral_proc_05272014.Scan1.nii.gz,0.449435,-0.053961,-0.127170,-0.183154,0.217226,0.358430,-0.077291,0.109382,0.256253,0.262237
CID0270,CID.0270.rsFC.cg25_bilateral_proc_05272014.Scan1.nii.gz,-0.132256,-0.035763,-0.005872,0.006841,-0.057322,-0.258337,-0.038764,-0.047410,-0.025396,0.120676
CID0273,CID.0273.rsFC.cg25_bilateral_proc_05272014.Scan1.nii.gz,0.317812,-0.248999,0.236937,0.105064,-0.053331,0.145508,0.112147,0.051309,-0.129872,0.457198
CID0275,CID.0275.rsFC.cg25_bilateral_proc_05272014.Scan1.nii.gz,-0.157914,-0.155203,0.211284,-0.133094,-0.145181,-0.005494,0.337104,-0.341141,0.115286,0.041893
CID0279,CID.0279.rsFC.cg25_bilateral_proc_05272014.Scan1.nii.gz,0.111982,0.051269,0.188796,-0.092349,0.060955,-0.178980,-0.150303,-0.132896,0.119420,-0.023817
CID0280,CID.0280.rsFC.cg25_bilateral_proc_05272014.Scan1.nii.gz,0.334859,-0.094554,-0.081854,0.107721,0.176450,-0.150478,0.030204,-0.122912,0.070873,0.094680
CID0286,CID.0286.rsFC.cg25_bilateral_proc_05272014.Scan1.nii.gz,0.017611,0.092030,-0.250803,0.007812,0.049922,0.477990,0.135679,0.278804,0.151666,0.241947
CID0287,CID.0287.rsFC.cg25_bilateral_proc_05272014.Scan1.nii.gz,-0.078186,0.222822,0.161396,-0.025696,-0.018259,-0.218654,0.066050,0.032589,0.091785,-0.095022
CID0289,CID.0289.rsFC.cg25_bilateral_proc_05272014.Scan1.nii.gz,0.306449,-0.102549,-0.151317,0.065611,-0.039990,0.121939,0.092913,-0.063770,0.067076,-0.034645
CID0290,CID.0290.rsFC.cg25_bilateral_proc_05272014.Scan1.nii.gz,0.132237,0.011358,0.385299,-0.206895,0.226922,0.234769,0.115343,0.133492,0.184654,0.508352
CID0291,CID.0291.rsFC.cg25_bilateral_proc_05272014.Scan1.nii.gz,0.133790,-0.128158,0.348986,-0.270550,-0.080743,0.352631,-0.204052,0.134195,0.053614,0.226450
CID0293,CID.0293.rsFC.cg25_bilateral_proc_05272014.Scan1.nii.gz,0.004981,-0.158054,-0.355007,-0.197737,0.075038,-0.122372,-0.335697,-0.215954,-0.088399,0.031342
CID0294,CID.0294.rsFC.cg25_bilateral_proc_05272014.Scan1.nii.gz,-0.154740,0.165683,-0.078443,0.424001,0.080682,-0.381918,-0.193091,-0.513878,-0.261955,-0.035294
CID0295,CID.0295.rsFC.cg25_bilateral_proc_05272014.Scan1.nii.gz,-0.249796,-0.158602,-0.092373,0.106099,-0.048923,0.087316,-0.085558,-0.214875,-0.072420,0.101274
CID0296,CID.0296.rsFC.cg25_bilateral_proc_05272014.Scan1.nii.gz,0.048569,-0.085395,-0.204887,0.020392,-0.236712,-0.075361,0.088926,-0.120848,-0.078935,0.167088
CID0297,CID.0297.rsFC.cg25_bilateral_proc_05272014.Scan1.nii.gz,-0.189928,-0.161715,0.140644,0.255410,-0.425327,-0.137902,-0.325961,0.125731,-0.268079,0.070301
CID0300,CID.0300.rsFC.cg25_bilateral_proc_05272014.Scan1.nii.gz,-0.226132,0.036923,-0.079052,0.081131,-0.097712,0.079257,0.084859,-0.375703,0.166004,-0.099539
CID0301,CID.0301.rsFC.cg25_bilateral_proc_05272014.Scan1.nii.gz,0.219831,-0.261559,0.178131,-0.237715,0.054724,0.111246,0.071551,-0.250784,-0.106950,-0.038631
CID0305,CID.0305.rsFC.cg25_bilateral_proc_05272014.Scan1.nii.gz,0.066123,0.304603,0.120180,0.032569,-0.111069,-0.013231,0.003017,-0.214581,0.154535,-0.075591
CID0309,CID.0309.rsFC.cg25_bilateral_proc_05272014.Scan1.nii.gz,0.157382,0.071728,0.198218,0.155083,0.105073,-0.077804,-0.118574,0.192279,-0.038839,-0.045383
CID0310,CID.0310.rsFC.cg25_bilateral_proc_05272014.Scan1.nii.gz,0.079726,0.304426,-0.119893,0.092862,-0.115591,0.174081,0.204416,0.091512,-0.152639,-0.092285
CID0311,CID.0311.rsFC.cg25_bilateral_proc_05272014.Scan1.nii.gz,0.053263,0.031820,-0.188888,-0.002887,-0.165871,0.150444,-0.038461,0.034559,-0.055409,-0.039610
CID0313,CID.0313.rsFC.cg25_bilateral_proc_05272014.Scan1.nii.gz,0.257305,0.038712,0.119419,0.149681,-0.244138,-0.122545,-0.063587,0.054664,-0.145661,0.080072
CID0315,CID.0315.rsFC.cg25_bilateral_proc_05272014.Scan1.nii.gz,-0.111710,-0.362829,0.045830,0.470944,-0.247091,-0.104133,-0.003132,-0.222689,-0.471353,0.157159
CID0317,CID.0317.rsFC.cg25_bilateral_proc_05272014.Scan1.nii.gz,-0.142336,-0.261503,-0.165680,-0.014359,0.024689,-0.136643,0.027952,-0.175702,-0.053540,0.001778
CID0318,CID.0318.rsFC.cg25_bilateral_proc_05272014.Scan1.nii.gz,-0.204868,0.207662,-0.163421,-0.169795,0.072894,0.170643,0.177515,-0.208495,0.204484,0.328820
CID0320,CID.0320.rsFC.cg25_bilateral_proc_05272014.Scan1.nii.gz,-0.020692,0.020226,-0.023576,0.006009,-0.056895,-0.062628,0.071579,0.248296,-0.049381,-0.061474
CID0322,CID.0322.rsFC.cg25_bilateral_proc_05272014.Scan1.nii.gz,-0.141639,-0.239662,0.070135,-0.316624,-0.168625,0.010000,0.254818,-0.065416,0.001158,0.192361
CID0323,CID.0323.rsFC.cg25_bilateral_proc_05272014.Scan1.nii.gz,-0.245076,-0.095640,0.124748,0.091455,-0.200241,0.116183,-0.098211,0.096369,0.129247,0.075704
CID0327,CID.0327.rsFC.cg25_bilateral_proc_05272014.Scan1.nii.gz,0.097233,0.227817,0.066858,-0.012253,0.119624,0.223391,0.138923,-0.364068,0.076781,-0.037791
CID0328,CID.0328.rsFC.cg25_bilateral_proc_05272014.Scan1.nii.gz,-0.243210,0.298213,-0.014643,0.235234,-0.070081,-0.017994,-0.082964,-0.070128,-0.027392,-0.094032
CID0332,CID.0332.rsFC.cg25_bilateral_proc_05272014.Scan1.nii.gz,-0.018517,0.182185,-0.058216,-0.163053,-0.135224,0.057715,-0.290044,-0.389171,-0.068282,0.062108
CID0336,CID.0336.rsFC.cg25_bilateral_proc_05272014.Scan1.nii.gz,0.399072,0.137798,-0.073767,0.059199,-0.151588,-0.194625,-0.168776,0.186355,0.038597,0.111748
CID0341,CID.0341.rsFC.cg25_bilateral_proc_05272014.Scan1.nii.gz,0.100656,0.184926,0.037704,0.034521,0.209671,-0.091887,0.065544,-0.104263,-0.002349,0.217028
CID0347,CID.0347.rsFC.cg25_bilateral_proc_05272014.Scan1.nii.gz,-0.241564,-0.319838,0.134539,-0.066672,-0.139964,0.174877,0.143141,-0.464520,0.076718,-0.256258
CID0348,CID.0348.rsFC.cg25_bilateral_proc_05272014.Scan1.nii.gz,0.051204,-0.079878,-0.482315,0.501368,-0.417011,-0.146118,-0.345059,-0.547693,-0.013794,-0.116826
CID0349,CID.0349.rsFC.cg25_bilateral_proc_05272014.Scan1.nii.gz,-0.060082,0.131108,0.125771,0.021938,-0.258458,0.033445,0.212042,-0.027440,-0.126771,-0.191049
CID0350,CID.0350.rsFC.cg25_bilateral_proc_05272014.Scan1.nii.gz,-0.058942,0.179367,-0.106740,0.203734,-0.100874,0.189619,-0.263714,-0.345202,-0.071165,-0.188818
CID0351,CID.0351.rsFC.cg25_bilateral_proc_05272014.Scan1.nii.gz,-0.071192,0.281855,0.077971,0.206336,-0.211827,0.052825,0.068335,-0.078674,0.066779,-0.069061
CID0501,CID.0501.rsFC.cg25_bilateral_proc_05272014.Scan1.nii.gz,-0.125687,-0.278667,0.330820,0.028195,-0.189572,-0.005715,0.195099,0.078595,0.023654,0.059348
CID0504,CID.0504.rsFC.cg25_bilateral_proc_05272014.Scan1.nii.gz,0.704876,-0.192651,-0.083514,-0.000811,-0.298588,-0.291943,0.000022,-0.220779,-0.058846,0.326246
CID0506,CID.0506.rsFC.cg25_bilateral_proc_05272014.Scan1.nii.gz,0.063808,0.026227,-0.015836,0.149362,-0.090512,0.171358,-0.048017,-0.300462,-0.077896,0.065461
CID0511,CID.0511.rsFC.cg25_bilateral_proc_05272014.Scan1.nii.gz,0.239330,0.313997,0.017935,-0.270413,-0.230807,-0.165771,0.233139,-0.129208,-0.149335,0.052990
CID0514,CID.0514.rsFC.cg25_bilateral_proc_05272014.Scan1.nii.gz,0.020378,-0.039381,0.063269,0.043256,-0.018706,0.075563,0.195386,-0.292329,-0.035307,0.094580
CID0515,CID.0515.rsFC.cg25_bilateral_proc_05272014.Scan1.nii.gz,-0.142946,-0.235955,0.032467,0.314660,-0.174233,-0.034778,-0.286046,-0.509193,0.030586,-0.180404
CID0611,CID.0611.rsFC.cg25_bilateral_proc_05272014.Scan1.nii.gz,-0.230533,0.082029,0.133513,0.118275,-0.267199,-0.031668,-0.052376,-0.096566,-0.252138,0.089174
CID0620,CID.0620.rsFC.cg25_bilateral_proc_05272014.Scan1.nii.gz,0.147049,-0.111530,0.090346,-0.119172,-0.335475,0.127403,-0.153799,0.098458,0.083194,-0.063331
CID0621,CID.0621.rsFC.cg25_bilateral_proc_05272014.Scan1.nii.gz,-0.163475,-0.070226,0.029740,0.021637,-0.186979,0.149146,0.119684,-0.166595,-0.032346,-0.139217
CID0622,CID.0622.rsFC.cg25_bilateral_proc_05272014.Scan1.nii.gz,-0.170392,-0.205572,0.085493,0.276282,0.203225,-0.090189,-0.017551,-0.098056,-0.311965,0.017909
CID0626,CID.0626.rsFC.cg25_bilateral_proc_05272014.Scan1.nii.gz,0.088227,0.401514,-0.140695,0.039702,-0.088029,0.330926,0.349342,-0.102788,-0.002769,0.048970
CID0629,CID.0629.rsFC.cg25_bilateral_proc_05272014.Scan1.nii.gz,0.372332,0.445723,0.081247,0.153241,-0.090729,0.032662,-0.103307,-0.226666,0.218672,0.076209
CID0630,CID.0630.rsFC.cg25_bilateral_proc_05272014.Scan1.nii.gz,0.213404,0.049763,0.212773,-0.074196,-0.267438,0.078732,-0.202822,-0.149110,-0.193679,0.116935
CID0632,CID.0632.rsFC.cg25_bilateral_proc_05272014.Scan1.nii.gz,0.083009,-0.081325,0.345501,-0.290707,0.012788,0.193317,0.150568,-0.030577,-0.069037,0.000705
CID0633,CID.0633.rsFC.cg25_bilateral_proc_05272014.Scan1.nii.gz,0.126082,0.215176,0.154236,-0.021024,-0.020603,0.009360,0.097952,0.168928,0.263089,-0.063959
CID0634,CID.0634.rsFC.cg25_bilateral_proc_05272014.Scan1.nii.gz,0.209336,0.175293,-0.132695,0.195052,-0.008601,-0.049019,0.072849,0.023251,0.024580,0.170978
CID0635,CID.0635.rsFC.cg25_bilateral_proc_05272014.Scan1.nii.gz,0.252178,-0.275222,0.074796,-0.014880,-0.138257,0.277395,0.040414,0.029993,-0.054158,-0.177270
CID0637,CID.0637.rsFC.cg25_bilateral_proc_05272014.Scan1.nii.gz,-0.202989,-0.023646,-0.189792,0.282517,0.277966,-0.100210,0.138717,-0.057871,-0.031380,0.123095
CID0645,CID.0645.rsFC.cg25_bilateral_proc_05272014.Scan1.nii.gz,0.475698,-0.117739,0.017720,0.081198,-0.038872,-0.180099,-0.087610,0.091507,0.130183,0.103251
CID0651,CID.0651.rsFC.cg25_bilateral_proc_05272014.Scan1.nii.gz,0.455152,0.228835,-0.046949,-0.174978,-0.026400,0.043627,0.215410,0.264860,0.197993,0.026302
CID0653,CID.0653.rsFC.cg25_bilateral_proc_05272014.Scan1.nii.gz,0.213529,-0.323934,0.014022,-0.264398,0.275700,-0.236162,-0.049648,0.225127,0.157865,-0.069879
CID0654,CID.0654.rsFC.cg25_bilateral_proc_05272014.Scan1.nii.gz,0.285198,-0.008536,-0.014037,0.147095,-0.128651,0.142982,-0.171718,0.025803,-0.045772,0.055536
CID0659,CID.0659.rsFC.cg25_bilateral_proc_05272014.Scan1.nii.gz,0.036945,0.146894,-0.001688,0.031865,0.055521,0.023729,-0.051984,-0.245947,0.267778,0.033738
CID0662,CID.0662.rsFC.cg25_bilateral_proc_05272014.Scan1.nii.gz,0.247919,0.092762,0.074272,0.338509,-0.188847,-0.119633,-0.333955,-0.225317,-0.014517,-0.038059
CID0663,CID.0663.rsFC.cg25_bilateral_proc_05272014.Scan1.nii.gz,-0.030150,-0.271956,0.016377,-0.060595,-0.105753,0.102449,0.021834,-0.047952,0.079428,0.203979
CID0668,CID.0668.rsFC.cg25_bilateral_proc_05272014.Scan1.nii.gz,0.239029,0.141004,0.003458,0.132465,0.135237,0.243592,0.182493,-0.001472,0.081202,0.369083
CID0670,CID.0670.rsFC.cg25_bilateral_proc_05272014.Scan1.nii.gz,-0.045746,-0.027765,0.119159,-0.194733,-0.242545,-0.064946,-0.325045,-0.138465,-0.041175,-0.118623
CID0679,CID.0679.rsFC.cg25_bilateral_proc_05272014.Scan1.nii.gz,0.179953,0.065383,0.103262,0.017944,-0.073292,0.024384,0.135170,-0.019168,-0.199592,0.014086
CID0682,CID.0682.rsFC.cg25_bilateral_proc_05272014.Scan1.nii.gz,-0.106007,0.299336,-0.066885,0.141021,-0.042009,0.053256,-0.024121,0.149731,0.122585,-0.019721
CID0690,CID.0690.rsFC.cg25_bilateral_proc_05272014.Scan1.nii.gz,0.111390,-0.191417,0.007915,0.149035,-0.094883,0.206455,-0.222542,-0.182082,0.030539,0.045349
CID0692,CID.0692.rsFC.cg25_bilateral_proc_05272014.Scan1.nii.gz,0.225892,0.172429,0.093789,0.072869,-0.063822,0.016375,0.138486,0.012511,-0.092512,0.181839
CID0693,CID.0693.rsFC.cg25_bilateral_proc_05272014.Scan1.nii.gz,0.201433,0.644484,-0.046218,-0.022533,-0.142691,-0.083713,0.155077,0.202717,-0.139252,0.112613
CID0697,CID.0697.rsFC.cg25_bilateral_proc_05272014.Scan1.nii.gz,0.008360,0.038919,0.200243,-0.091228,-0.399819,0.096450,-0.095237,0.021441,-0.089455,0.118478
CID0698,CID.0698.rsFC.cg25_bilateral_proc_05272014.Scan1.nii.gz,-0.009007,0.065745,-0.458517,0.023943,-0.106139,0.243527,0.011314,-0.122187,-0.001875,0.252303
CID0699,CID.0699.rsFC.cg25_bilateral_proc_05272014.Scan1.nii.gz,0.147540,0.094853,-0.373552,0.276870,-0.054654,0.251868,-0.239314,-0.245588,-0.039800,0.050210
CID0701,CID.0701.rsFC.cg25_bilateral_proc_05272014.Scan1.nii.gz,-0.020699,-0.199774,-0.034819,0.126938,-0.033179,-0.109222,-0.000182,-0.266621,0.135746,-0.314083
CID0706,CID.0706.rsFC.cg25_bilateral_proc_05272014.Scan1.nii.gz,0.285067,0.380767,0.039825,0.196321,0.097191,0.014788,0.261853,-0.087955,0.332211,0.327551
CID0707,CID.0707.rsFC.cg25_bilateral_proc_05272014.Scan1.nii.gz,-0.032193,-0.165734,0.240643,0.101413,0.088214,0.082853,-0.063153,0.063343,0.144962,0.028418
CID0709,CID.0709.rsFC.cg25_bilateral_proc_05272014.Scan1.nii.gz,-0.059204,-0.159765,-0.387200,0.063632,-0.188857,-0.046728,-0.181181,-0.001838,0.032787,0.080698
CID0712,CID.0712.rsFC.cg25_bilateral_proc_05272014.Scan1.nii.gz,-0.043270,-0.058179,-0.017178,-0.075516,-0.145003,0.023032,0.011270,0.008101,-0.177440,0.141083
CID0713,CID.0713.rsFC.cg25_bilateral_proc_05272014.Scan1.nii.gz,0.274871,0.167103,0.100932,-0.471465,-0.155700,0.143756,0.079497,0.489452,0.377456,0.064976
CID0715,CID.0715.rsFC.cg25_bilateral_proc_05272014.Scan1.nii.gz,0.337576,-0.131930,-0.370212,0.227423,0.003174,0.116204,-0.183320,0.010022,-0.394548,0.014221
CID0721,CID.0721.rsFC.cg25_bilateral_proc_05272014.Scan1.nii.gz,0.083133,0.234984,-0.117539,0.249680,0.075719,0.072272,0.000000,-0.108255,-0.067316,-0.137670
CID0723,CID.0723.rsFC.cg25_bilateral_proc_05272014.Scan1.nii.gz,0.159213,0.156762,0.020852,-0.027115,0.068090,0.068628,-0.107285,-0.081945,-0.254373,-0.033619
CID0725,CID.0725.rsFC.cg25_bilateral_proc_05272014.Scan1.nii.gz,-0.204990,0.002228,-0.161879,0.024946,-0.019679,0.043164,-0.049563,-0.060271,-0.258808,0.043302
CID0726,CID.0726.rsFC.cg25_bilateral_proc_05272014.Scan1.nii.gz,0.152472,0.681751,-0.434733,0.528881,-0.163870,-0.045748,-0.415392,-0.123573,-0.171942,0.087050
CID0732,CID.0732.rsFC.cg25_bilateral_proc_05272014.Scan1.nii.gz,0.272579,-0.109299,-0.017522,-0.398134,-0.149061,0.214347,-0.099553,0.242080,-0.086714,-0.193872
CID0735,CID.0735.rsFC.cg25_bilateral_proc_05272014.Scan1.nii.gz,0.125795,-0.054498,0.140377,-0.113431,-0.300307,0.180272,0.149896,0.080529,0.043669,0.064804
CID0744,CID.0744.rsFC.cg25_bilateral_proc_05272014.Scan1.nii.gz,0.511885,0.114362,-0.250606,-0.193829,-0.107255,-0.166220,0.060432,0.165805,-0.092863,0.434350
CID0747,CID.0747.rsFC.cg25_bilateral_proc_05272014.Scan1.nii.gz,0.175638,-0.090981,-0.157575,0.035807,-0.195919,-0.098353,-0.165253,0.088155,-0.075346,-0.078752
